No.,分類,日本語,英語,図面上の表記,備考
1,図面名称・主要注記,エンジンマウント,ENGINE MOUNT,ENGINE MOUNT,
2,図面名称・主要注記,製造図面,MANUFACTURING DRAWING,MANUFACTURING DRAWING,
3,図面名称・主要注記,仕様,SPECIFICATIONS,SPECIFICATIONS,
4,図面名称・主要注記,注記,NOTES,NOTES,
5,図面名称・主要注記,断面図,SECTION VIEW,SECTION VIEW,
6,図面名称・主要注記,取付け状態（機器の荷重によるたわみは考慮していません）,INSTALLED CONDITION (DEFLECTION DUE TO EQUIPMENT LOAD IS NOT CONSIDERED),INSTALLED CONDITION / (DEFLECTION DUE TO EQUIPMENT LOAD IS NOT CONSIDERED),2行に分割（見出し＋括弧書き）
7,図面名称・主要注記,取付け状態にて測定。（ストッパーは、円盤型ストッパーで可。）,MEASURE IN THE INSTALLED CONDITION. (A DISC-TYPE STOPPER IS ACCEPTABLE.),MEASURE IN THE INSTALLED CONDITION. (A DISC-TYPE STOPPER IS ACCEPTABLE.),
8,図面名称・主要注記,取付穴径,MOUNTING HOLE DIAMETER,(MOUNTING HOLE DIA.),寸法線の間に収めるため略記
9,図面名称・主要注記,ストッパー,STOPPER,STOPPER,
10,図面名称・主要注記,A面,SURFACE A,SURFACE A,引出線の下線を文字長に合わせて延長
11,図面名称・主要注記,B面,SURFACE B,SURFACE B,引出線の下線を文字長に合わせて延長
12,図面名称・主要注記,中心,CENTER,CENTER,
13,部品・材質,ゴム,RUBBER,RUBBER,
14,部品・材質,内筒,INNER SLEEVE,INNER SLEEVE,
15,部品・材質,耐熱NR,HEAT-RESISTANT NR,HEAT-RES. NR,部品表の材質欄（幅21mm）に収めるため略記
16,部品・材質,プレート,PLATE,PLATE,
17,部品・材質,材質,MATERIAL,MATERIAL,
18,部品・材質,ゴム部体積：230cm,RUBBER VOLUME: 230 cm,RUBBER VOLUME: 230 cm³,3は上付き
19,部品・材質,メーカーマーク及び,MANUFACTURER MARK AND,EMBOSS THE MANUFACTURER MARK,No.19+20を英文として自然な語順に再構成
20,部品・材質,製造年月を浮刻のこと,EMBOSS THE DATE OF MANUFACTURE.,AND DATE OF MANUFACTURE.,No.19+20を英文として自然な語順に再構成
21,部品・材質,例）2016年2月：,EXAMPLE: FEBRUARY 2016:,EXAMPLE: FEBRUARY 2016:,
22,ばね定数・測定条件,1．静的ばね定数,1. STATIC SPRING RATE,1. STATIC SPRING RATE,
23,ばね定数・測定条件,P方向静的ばね定数,STATIC SPRING RATE IN P DIRECTION,STATIC SPRING RATE / IN P DIRECTION,表のセル幅に合わせ2行
24,ばね定数・測定条件,Q方向静的ばね定数（参考値）,STATIC SPRING RATE IN Q DIRECTION (REFERENCE VALUE),STATIC SPRING RATE / IN Q DIRECTION (REF.),表のセル幅に合わせ2行・略記
25,ばね定数・測定条件,P方向,P DIRECTION,P DIRECTION（予備荷重欄は P DIR.）,幅20mmのセルのみ略記
26,ばね定数・測定条件,Q方向,Q DIRECTION,Q DIRECTION（予備荷重欄は Q DIR.）,幅20mmのセルのみ略記
27,ばね定数・測定条件,測定範囲,MEASUREMENT RANGE,MEASUREMENT RANGE,
28,ばね定数・測定条件,予備荷重（N）,PRELOAD (N),PRELOAD (N),
29,ばね定数・測定条件,テストスピード（mm/min）,TEST SPEED (mm/min),TEST SPEED (mm/min),
30,ばね定数・測定条件,809～2427N間,BETWEEN 809 AND 2427 N,BETWEEN 809 AND 2427 N,
31,ばね定数・測定条件,809～1618N間,BETWEEN 809 AND 1618 N,BETWEEN 809 AND 1618 N,
32,ばね定数・測定条件,T.P.Hs=56（参考）,T.P.Hs=56 (REFERENCE),T.P.Hs=56 (REF.),備考欄の幅に合わせ略記
33,ばね定数・測定条件,T.P.Hs=57（参考）,T.P.Hs=57 (REFERENCE),T.P.Hs=57 (REF.),備考欄の幅に合わせ略記
34,ばね定数・測定条件,φ42.3（R9の中心）,φ42.3 (CENTER OF R9),φ42.3 (CENTER OF R9),
35,表面処理,2．表面処理,2. SURFACE TREATMENT,2. SURFACE TREATMENT,
36,表面処理,金具部表面処理：黒色塗装（アクリル系水性エマルション塗料／アスカKK）,METAL PART SURFACE TREATMENT: BLACK COATING (ACRYLIC WATER-BASED EMULSION PAINT / ASUKA KK),METAL PART SURFACE TREATMENT: BLACK COATING (ACRYLIC WATER-BASED EMULSION PAINT / ASUKA KK),
37,表面処理,膜厚15μm以上／ゴム部に付着可とする。内筒内面は除く,FILM THICKNESS: 15 um MIN. / ADHESION TO RUBBER IS ACCEPTABLE. EXCLUDING THE INNER SURFACE OF THE INNER SLEEVE.,FILM THICKNESS: 15 µm MIN. / ADHESION TO RUBBER IS ACCEPTABLE. / EXCLUDING THE INNER SURFACE OF THE INNER SLEEVE.,um→µm、2行に分割
38,表面処理,金具下処理：No.2 or 21,METAL PRETREATMENT: No. 2 OR 21,METAL PRETREATMENT: No. 2 OR 21,
39,製品差異・製造要求,1．本品はV1411-4215Aに対して、静的ばね定数、及びゴム形状が異なる。,1. THIS PART DIFFERS FROM V1411-4215A IN STATIC SPRING RATE AND RUBBER SHAPE.,1. THIS PART DIFFERS FROM V1411-4215A IN STATIC SPRING RATE AND RUBBER SHAPE.,
40,製品差異・製造要求,2．本品はV1411-42151、V1411-4219Aに対して、ゴム硬度が異なる。,2. THIS PART DIFFERS FROM V1411-42151 AND V1411-4219A IN RUBBER HARDNESS.,2. THIS PART DIFFERS FROM V1411-42151 AND V1411-4219A IN RUBBER HARDNESS.,
41,製品差異・製造要求,3．本品はV1411-42161に対して、識別マーキングが異なる。,3. THIS PART DIFFERS FROM V1411-42161 IN IDENTIFICATION MARKING.,3. THIS PART DIFFERS FROM V1411-42161 IN IDENTIFICATION MARKING.,
42,製品差異・製造要求,4．A面（全面）は締結面（取付図参照）の為、ゴムバリなきこと。,4. SURFACE A (ENTIRE SURFACE) IS A FASTENING SURFACE (SEE INSTALLATION DRAWING); NO RUBBER FLASH IS PERMITTED.,4. SURFACE A (ENTIRE SURFACE) IS A FASTENING SURFACE (SEE INSTALLATION DRAWING); / NO RUBBER FLASH IS PERMITTED.,2行に分割
43,製品差異・製造要求,A面（全面）にマーキングの液ダレあるも可。,MARKING RUNS ON SURFACE A (ENTIRE SURFACE) ARE ACCEPTABLE.,MARKING RUNS ON SURFACE A (ENTIRE SURFACE) ARE ACCEPTABLE.,
44,製品差異・製造要求,B面（全周）に、浮きゴムバリなきこと。,NO LOOSE RUBBER FLASH IS PERMITTED ON SURFACE B (ENTIRE CIRCUMFERENCE).,NO LOOSE RUBBER FLASH IS PERMITTED ON SURFACE B (ENTIRE CIRCUMFERENCE).,
45,製品差異・製造要求,図面に指示なき寸法公差は、Sanki-STANDARD KSS11-3，4による。,DIMENSIONAL TOLERANCES NOT SPECIFIED ON THIS DRAWING SHALL CONFORM TO SANKI STANDARD KSS11-3 AND 4.,DIMENSIONAL TOLERANCES NOT SPECIFIED ON THIS DRAWING SHALL CONFORM TO SANKI STANDARD KSS11-3 AND 4.,
46,識別表示・マーキング,識別表示（浮刻＋マーキング）,IDENTIFICATION (EMBOSSING + MARKING),IDENTIFICATION (EMBOSSING + MARKING),
47,識別表示・マーキング,浮刻：V1411-42162,EMBOSSING: V1411-42162,EMBOSSING: V1411-42162,
48,識別表示・マーキング,マーキング：全周のこと,MARKING: AROUND THE ENTIRE CIRCUMFERENCE,MARKING: AROUND THE ENTIRE CIRCUMFERENCE,2行に折り返し
49,識別表示・マーキング,色：青、太さ：任意,COLOR: BLUE; LINE WIDTH: OPTIONAL,COLOR: BLUE; LINE WIDTH: OPTIONAL,
50,識別表示・マーキング,線の歪み、ムラ・カスレ、液ダレあるも可,"LINE DISTORTION, UNEVENNESS, FADING, AND RUNS ARE ACCEPTABLE.","LINE DISTORTION, UNEVENNESS, FADING, AND RUNS ARE ACCEPTABLE.",3行に折り返し
51,識別表示・マーキング,位置：浮刻上（はみ出しも可）,POSITION: OVER THE EMBOSSING (OVERHANG IS ACCEPTABLE),POSITION: OVER THE EMBOSSING (OVERHANG IS ACCEPTABLE),2行に折り返し
52,識別表示・マーキング,浮刻変更,EMBOSSING CHANGED,EMBOSSING CHANGED,
53,識別表示・マーキング,ゴム硬度変更,RUBBER HARDNESS CHANGED,RUBBER HARDNESS CHANGED,
54,一般公差表,ゴム普通公差,GENERAL RUBBER TOLERANCES,GENERAL RUBBER TOLERANCES,ブロック名は RUBBER_GENERAL_TOL に変更
55,一般公差表,ゴム普通寸法公差,GENERAL DIMENSIONAL TOLERANCES FOR RUBBER,GENERAL RUBBER TOLERANCES,公差表の表題欄（幅36mm）に収めるため No.54 の表記を使用
56,一般公差表,プレス抜き公差,PRESS-BLANKING TOLERANCES,PRESS-BLANKING TOLERANCES,ブロック名は PRESS_BLANKING_TOL（図面には未配置）
57,一般公差表,プレス抜き加工普通寸法公差,GENERAL DIMENSIONAL TOLERANCES FOR PRESS BLANKING,PRESS-BLANKING TOLERANCES,表題欄幅のため短縮（図面には未配置）
58,一般公差表,削り加工公差,MACHINING TOLERANCES,MACHINING TOLERANCES,ブロック名は MACHINING_TOL（図面には未配置）
59,一般公差表,削り加工普通寸法公差,GENERAL DIMENSIONAL TOLERANCES FOR MACHINING,MACHINING TOLERANCES,表題欄幅のため短縮（図面には未配置）
60,一般公差表,B級,CLASS B,CLASS B,
61,一般公差表,C級,CLASS C,CLASS C,
62,一般公差表,中級,MEDIUM CLASS,MEDIUM CLASS,
63,一般公差表,以下,OR LESS,OR LESS / TO,公差表の各行は「OVER 50 TO 120」「3 OR LESS」の形に統合
64,一般公差表,以上,OR MORE,OR MORE,例「500 OR MORE」
65,一般公差表,を超え,OVER,OVER,例「OVER 50 TO 120」
66,表題欄・改訂欄,名称,DESCRIPTION,DESCRIPTION（表題欄の縦書き「名称」は NAME）,表題欄の縦書き欄は90°回転文字
67,表題欄・改訂欄,名,NAME,NAME,表題欄の縦書き「名／称」をまとめて NAME（90°回転）
68,表題欄・改訂欄,材質,MATERIAL,MATERIAL,
69,表題欄・改訂欄,角,ANGLE,ANGLE,「三／角／法」→ THIRD / ANGLE / PROJ.（第三角法）
70,表題欄・改訂欄,作成年月日,DATE CREATED,DATE CREATED,
71,表題欄・改訂欄,作成,DRAWN,DRAWN,
72,表題欄・改訂欄,検図,CHECKED,CHECKED,
73,表題欄・改訂欄,承認,APPROVED,APPROVED（改訂欄は APPD）,改訂欄の幅9mm欄のみ略記
74,表題欄・改訂欄,来歴・変更事項,REVISION HISTORY / CHANGES,REVISION HISTORY / CHANGES,
75,表題欄・改訂欄,訂正,REVISION,REV.,改訂欄の幅9mm欄のため略記
76,表題欄・改訂欄,日付,DATE,DATE,
77,表題欄・改訂欄,年,YEAR,YEAR,
78,表題欄・改訂欄,月,MONTH,MONTH,
79,表題欄・改訂欄,日,DAY,DAY,
80,表題欄・改訂欄,番号,NUMBER,NO.,部品表の幅10mm欄のため NO.
81,表題欄・改訂欄,番,NO.,PART NO.,表題欄の縦書き「品／番」をまとめて PART NO.（90°回転）
82,表題欄・改訂欄,品,PART,PART NO.,同上
83,表題欄・改訂欄,符号,CODE,CODE,改訂欄（幅7mm）
84,表題欄・改訂欄,数,QTY,QTY,
85,表題欄・改訂欄,法,METHOD,PROJ.,「三角法」＝第三角法のため PROJECTION の略とした
86,表題欄・改訂欄,尺度,SCALE,SCALE,
87,表題欄・改訂欄,備考,REMARKS,REMARKS,
88,表題欄・改訂欄,産業機器事業部,INDUSTRIAL MACHINERY DIVISION,INDUSTRIAL MACHINERY DIVISION,
89,表題欄・改訂欄,産機事務所 2F 西,INDUSTRIAL MACHINERY OFFICE 2F WEST,（図面内に該当文字なし）,本DXFでは未使用
90,表題欄・改訂欄,白黒印刷用,FOR MONOCHROME PRINTING,（図面内に該当文字なし）,本DXFでは未使用
91,氏名表記,影山,KAGEYAMA,KAGEYAMA,
92,氏名表記,冨羽,TOMIWA,TOMIWA,
93,氏名表記,片山,KATAYAMA,KATAYAMA,
94,氏名表記,横部,YOKOBE,YOKOBE,
95,表題欄・改訂欄,三,THIRD,THIRD,「三角法」の1文字目（THIRD / ANGLE / PROJ.）
96,表題欄・改訂欄,称,NAME,NAME,「名／称」縦書き
97,識別表示・マーキング,４２１６１（取消線）,42161,42161,旧浮刻番号（取消線付き）
98,部品・材質,ＳＴＫＭ１２Ｃ,STKM12C,STKM12C,全角→半角
99,部品・材質,ＳＰＨＣ－Ｐ,SPHC-P,SPHC-P,全角→半角
100,ばね定数・測定条件,ＫｓＰ（Ｎ／ｍｍ）±１５％,KsP (N/mm) ±15%,KsP (N/mm) ±15%,全角→半角
101,ばね定数・測定条件,ＫｓＱ（Ｎ／ｍｍ）,KsQ (N/mm),KsQ (N/mm),全角→半角
102,ばね定数・測定条件,１Ｗ,1W,1W,全角→半角
103,図面名称・主要注記,製造図面,MANUFACTURING DRAWING,MANUFACTURING DRAWING,枠を文字長に合わせて左へ拡張
