No.,分類,日本語,英語,図面上の表記（英語と異なる場合）,使用図面,備考
1,ばね定数・測定条件・図面本体,1.静的ばね定数,1. STATIC SPRING RATE,,V1311-42151 V1411-42162,
2,ばね定数・測定条件,809～1618N間,BETWEEN 809 AND 1618 N,,V1411-42162,
3,ばね定数・測定条件,809～2427N間,BETWEEN 809 AND 2427 N,,V1411-42162,
4,ばね定数・測定条件・図面本体,P方向,P DIRECTION,P DIRECTION（予備荷重欄は P DIR.）,V1311-42151 V1411-42162,幅20mmのセルのみ略記、文字幅を圧縮
5,ばね定数・測定条件・図面本体,P方向静的ばね定数,STATIC SPRING RATE IN P DIRECTION,,RD158-42181 RD461-42182 V1311-42151 V1411-42162,折り返しあり、表のセル幅に合わせ2行
6,ばね定数・測定条件・図面本体,Q方向,Q DIRECTION,Q DIRECTION（予備荷重欄は Q DIR.）,V1311-42151 V1411-42162,幅20mmのセルのみ略記、文字幅を圧縮
7,ばね定数・測定条件・図面本体,Q方向静的ばね定数(参考値),STATIC SPRING RATE IN Q DIRECTION (REF.),,RD158-42181 RD461-42182 V1311-42151 V1411-42162,折り返しあり、表のセル幅に合わせ2行・略記
8,ばね定数・測定条件,T.P.Hs=56（参考）,T.P.Hs=56 (REFERENCE),T.P.Hs=56 (REF.),V1411-42162,備考欄の幅に合わせ略記
9,ばね定数・測定条件,T.P.Hs=57（参考）,T.P.Hs=57 (REFERENCE),T.P.Hs=57 (REF.),V1411-42162,備考欄の幅に合わせ略記
10,ばね定数・測定条件,φ42.3（R9の中心）,φ42.3 (CENTER OF R9),,V1411-42162,
11,ばね定数・測定条件・図面本体,テストスピード(mm/min),TEST SPEED (mm/min),,V1311-42151 V1411-42162,
12,ばね定数・測定条件・図面本体,予備荷重(N),PRELOAD (N),,V1311-42151 V1411-42162,
13,ばね定数・測定条件・図面本体,測定範囲,MEASUREMENT RANGE,,V1311-42151 V1411-42162,
14,一般公差表,B級,CLASS B,,V1411-42162,
15,一般公差表,C級,CLASS C,,V1411-42162,
16,一般公差表,を超え,OVER,,V1411-42162,例「OVER 50 TO 120」
17,一般公差表,ゴム普通公差,GENERAL RUBBER TOLERANCES,,V1411-42162,ブロック名は RUBBER_GENERAL_TOL に変更
18,一般公差表,ゴム普通寸法公差,GENERAL DIMENSIONAL TOLERANCES FOR RUBBER,GENERAL RUBBER TOLERANCES,V1411-42162,公差表の表題欄（幅36mm）に収めるため No.54 の表記を使用
19,一般公差表,プレス抜き公差,PRESS-BLANKING TOLERANCES,,V1411-42162,ブロック名は PRESS_BLANKING_TOL（図面には未配置）
20,一般公差表,プレス抜き加工普通寸法公差,GENERAL DIMENSIONAL TOLERANCES FOR PRESS BLANKING,PRESS-BLANKING TOLERANCES,V1411-42162,表題欄幅のため短縮（図面には未配置）
21,一般公差表,中級,MEDIUM CLASS,,V1411-42162,
22,一般公差表,以上,OR MORE,,V1411-42162,例「500 OR MORE」
23,一般公差表,以下,OR LESS,OR LESS / TO,V1411-42162,公差表の各行は「OVER 50 TO 120」「3 OR LESS」の形に統合
24,一般公差表,削り加工公差,MACHINING TOLERANCES,,V1411-42162,ブロック名は MACHINING_TOL（図面には未配置）
25,一般公差表,削り加工普通寸法公差,GENERAL DIMENSIONAL TOLERANCES FOR MACHINING,MACHINING TOLERANCES,V1411-42162,表題欄幅のため短縮（図面には未配置）
26,図面名称・主要注記・図面本体,A面,SURFACE A,,RD461-42182 V1311-42151 V1411-42162,引出線の下線を文字長に合わせて延長
27,図面名称・主要注記・図面本体,B面,SURFACE B,,RD461-42182 V1311-42151 V1411-42162,引出線の下線を文字長に合わせて延長
28,図面名称・主要注記・図面本体,エンジンマウント,ENGINE MOUNT,,RD158-42181 RD461-42182 V1311-42151 V1411-42162,
29,図面名称・主要注記・図面本体,ストッパー,STOPPER,,RD158-42181 RD461-42182 V1311-42151 V1411-42162,
30,図面名称・主要注記,中心,CENTER,,V1411-42162,
31,図面名称・主要注記・図面本体・未使用ブロック,仕様,SPECIFICATIONS,,14X-01-11180 154-01-21310-3 203-54-21110 RD158-42181 RD461-42182 V1311-42151 V1411-42162,
32,図面名称・主要注記・図面本体,取付け状態(機器の荷重によるたわみは考慮していません),INSTALLED CONDITION (DEFLECTION DUE TO EQUIPMENT LOAD IS NOT CONSIDERED),,V1311-42151 V1411-42162,2行に分割（見出し＋括弧書き）、文字幅を圧縮
33,図面名称・主要注記・図面本体,取付け状態にて測定。(ストッパーは、円盤型ストッパーで可。),MEASURE IN THE INSTALLED CONDITION. (A DISC-TYPE STOPPER IS ACCEPTABLE.),,V1311-42151 V1411-42162,
34,図面名称・主要注記,取付穴径,MOUNTING HOLE DIAMETER,(MOUNTING HOLE DIA.),V1411-42162,寸法線の間に収めるため略記
35,図面名称・主要注記・図面本体,断面図,SECTION VIEW,,V1311-42151 V1411-42162,
36,図面名称・主要注記・図面本体,注記,NOTES,,RD461-42182 REM-90-3 V0511-42151-3 V1311-42151 V1411-42162,
37,図面名称・主要注記・図面本体,製造図面,MANUFACTURING DRAWING,,203-54-21110 RD158-42181 RD461-42182 V1311-42151 V1411-42162,枠を拡大、枠を文字長に合わせて左へ拡張
38,図面本体,%%U断面図,%%USECTION VIEW,,14X-01-11180 154-01-21310 154-01-21310-3 RD461-42182 V0511-42151-2,
39,図面本体,(*印間),(BETWEEN *),,154-01-21310-3,文字幅を圧縮
40,図面本体,(両端),(BOTH ENDS),,REM-90-2,
41,図面本体,(取付穴径),(MOUNTING HOLE DIA.),,V1311-42151,文字幅を圧縮
42,図面本体,(手仕上げ可),(HAND FINISHING ACCEPTABLE),,203-54-21110,文字を縮小
43,図面本体,(株)小松製作所,KOMATSU LTD.,,154-01-21310-2 154-01-21310-3,
44,図面本体,0.5mm以下,0.5 mm MAX.,,203-54-21110 RD461-42182,
45,図面本体,1)雨水、日射あり。,1) EXPOSED TO RAIN AND SUNLIGHT.,,14X-01-11180,
46,図面本体,1)雨水、日射有り。,1) EXPOSED TO RAIN AND SUNLIGHT.,,154-01-21310,
47,図面本体,1.0mm以下,1.0 mm MAX.,,203-54-21110 RD461-42182,
48,図面本体,1.ばね特性は、右ばね特性線図の 内にあること。K=640kg/mm±15%,1. SPRING CURVE WITHIN THE GAP ZONE OF CHART AT RIGHT. K=640 kg/mm ±15%,1. SPRING CURVE WITHIN THE [SYMBOL] ZONE OF CHART AT RIGHT. K=640 kg/mm ±15%,14X-01-11180,
49,図面本体,1.バネ特性は、右バネ特性図の 内にあること。,1. SPRING CURVE SHALL BE WITHIN THE GAP ZONE (CHART ON RIGHT).,1. SPRING CURVE SHALL BE WITHIN THE [SYMBOL] ZONE (CHART ON RIGHT).,154-01-21310,文字を縮小
50,図面本体,1.本品は2個で1セットとし、左図の様にセットした状態で使用する。,1. TWO PIECES FORM ONE SET; USE AS ASSEMBLED IN THE FIGURE ON THE LEFT.,,203-54-21110,
51,図面本体・製品差異・製造要求,1.本品はV1411-4215Aに対して、静的ばね定数、及びゴム形状が異なる。,1. THIS PART DIFFERS FROM V1411-4215A IN STATIC SPRING RATE AND RUBBER SHAPE.,,V1311-42151 V1411-42162,
52,図面本体,1.本品は標準品 REM-90 シリーズに対しばね定数、識別が異なる。,1. THIS PART DIFFERS FROM THE STANDARD REM-90 SERIES IN SPRING RATE AND IDENTIFICATION.,,RD461-42182,
53,図面本体,1.特性(2個1組で組付けたときの値。取付け状態参照。),1. CHARACTERISTICS (VALUES FOR A SET OF 2 PIECES ASSEMBLED; SEE INSTALLED CONDITION.),,RD158-42181 RD461-42182,
54,図面本体,12.5S以下,12.5S MAX.,,154-01-21310-2 154-01-21310-3,
55,図面本体,13.5 取付時 11.5,13.5 INSTALLED 11.5,,154-01-21310,
56,図面本体,1x10 回,1x10 CYCLES,,V1311-42151,文字幅を圧縮
57,図面本体,2)雰囲気温度 -50%%dC~+80%%dC,2) AMBIENT TEMPERATURE -50%%dC TO +80%%dC,,14X-01-11180 154-01-21310,
58,図面本体,2.0mm以下,2.0 mm MAX.,,203-54-21110 RD461-42182,
59,図面本体,2.A面(全面)は締結面(取付図参照)の為、ゴムバリなきこと。,2. SURFACE A (ENTIRE SURFACE) IS A FASTENING SURFACE (SEE INSTALLATION DRAWING); NO RUBBER FLASH IS PERMITTED.,,V1311-42151,文字幅を圧縮
60,図面本体,2.ゴム材質 NR,2. RUBBER MATERIAL: NR,,203-54-21110,
61,図面本体,2.ゴム材質:耐熱NR,2. RUBBER MATERIAL: HEAT-RESISTANT NR,,V1311-42151,
62,図面本体,2.下記に示す耐久テスト後の、バネ特性は、右バネ特性図の 内にあること。,"2. AFTER DURABILITY TEST BELOW, SPRING CURVE SHALL BE WITHIN THE GAP ZONE.","2. AFTER DURABILITY TEST BELOW, SPRING CURVE SHALL BE WITHIN THE [SYMBOL] ZONE.",154-01-21310,
63,図面本体,2.下記に示す耐久テスト後のばね特性は、右ばね特性図の 内にあること。,"2. AFTER DURABILITY TEST BELOW, SPRING CURVE SHALL BE WITHIN THE GAP ZONE.","2. AFTER DURABILITY TEST BELOW, SPRING CURVE SHALL BE WITHIN THE [SYMBOL] ZONE.",14X-01-11180,
64,図面本体,2.本品は継注品 RD461-42181 に対しマーキングが異なる。,2. THIS PART DIFFERS FROM REPEAT-ORDER PART RD461-42181 IN MARKING.,,RD461-42182,
65,図面本体,2.製品表面処理,2. SURFACE TREATMENT,,RD158-42181 RD461-42182,
66,図面本体,3.A面(全面)及び内筒端面は締結面の為、ゴムバリなきこと。,3. SURFACE A (ENTIRE SURFACE) AND INNER SLEEVE END FACES ARE FASTENING SURFACES; NO RUBBER FLASH IS PERMITTED.,,RD461-42182,文字幅を圧縮
67,図面本体,3.内筒(2)、外筒(3)は、化成処理をする。,3. INNER SLEEVE (2) AND OUTER SLEEVE (3) SHALL BE CHEMICAL CONVERSION COATED.,,154-01-21310,
68,図面本体,3.内筒(2)・外筒(3)は、化成処理をする。,3. INNER SLEEVE (2) AND OUTER SLEEVE (3) SHALL BE CHEMICAL CONVERSION COATED.,,14X-01-11180,
69,図面本体,3.耐久性能,3. DURABILITY PERFORMANCE,,RD158-42181 RD461-42182,
70,図面本体,3.表面処理,3. SURFACE TREATMENT:,,V1311-42151,文字幅を圧縮
71,図面本体,3.試作時品番:V1311-4215B,3. PROTOTYPE PART NO.: V1311-4215B,,V1311-42151,
72,図面本体,35S以下,35S MAX.,,154-01-21310-2 154-01-21310-3,
73,図面本体,4.下記の使用条件で、耐久性に異常のないこと。,4. NO DURABILITY PROBLEMS UNDER THE OPERATING CONDITIONS BELOW.,,14X-01-11180,
74,図面本体,4.下記の使用条件で、耐久性に異常の無いこと。,4. NO DURABILITY PROBLEMS UNDER THE OPERATING CONDITIONS BELOW.,,154-01-21310,
75,図面本体,4.耐久性能については、下記の試験を実施後、有害な損傷なきこと。,4. DURABILITY: NO HARMFUL DAMAGE AFTER THE FOLLOWING TEST.,,V1311-42151,
76,図面本体,5.本品は、154-01-21310に対し、ばね特性が異なる。,5. THIS PART DIFFERS FROM 154-01-21310 IN SPRING CHARACTERISTICS.,,14X-01-11180,
77,図面本体,676~1352N間,BETWEEN 676 AND 1352 N,,V1311-42151,文字幅を圧縮
78,図面本体,676~2028N間,BETWEEN 676 AND 2028 N,,V1311-42151,文字幅を圧縮
79,図面本体,A部,DETAIL A,,V0511-42151-3,
80,図面本体・製品差異・製造要求,B面(全周)に、浮きゴムバリなきこと。,NO LOOSE RUBBER FLASH IS PERMITTED ON SURFACE B (ENTIRE CIRCUMFERENCE).,,RD461-42182 V1311-42151 V1411-42162,文字幅を圧縮
81,図面本体,C0.5以下,C0.5 MAX.,,154-01-21310-3,
82,図面本体,NR系,NR BASE,,RD158-42181 RD461-42182,
83,図面本体,P方向:1W±2.5Wにて100万回(40%%dC),"P DIRECTION: 1W ±2.5W, 1,000,000 CYCLES (40%%dC)",,RD158-42181 RD461-42182,
84,図面本体,P方向支持荷重最大値,MAX. SUPPORT LOAD IN P DIRECTION,,RD158-42181 RD461-42182,折り返しあり
85,図面本体,P方向測定範囲:440N~1320N 予備荷重:3520N テストスピード:10mm/min,P DIRECTION RANGE: 440 N TO 1320 N PRELOAD: 3520 N TEST SPEED: 10 mm/min,,RD461-42182,
86,図面本体,P方向許容荷重,ALLOWABLE LOAD IN P DIRECTION,,RD158-42181 RD461-42182,折り返しあり
87,図面本体,Q方向: ±2.5Wにて100万回(40%%dC),"Q DIRECTION: ±2.5W, 1,000,000 CYCLES (40%%dC)",,RD158-42181 RD461-42182,
88,図面本体,Q方向測定範囲:440N~ 880N 予備荷重:2640N テストスピード:10mm/min,Q DIRECTION RANGE: 440 N TO 880 N PRELOAD: 2640 N TEST SPEED: 10 mm/min,,RD461-42182,
89,図面本体,R側,R SIDE,,REM-90-3 V0511-42151-3,
90,図面本体,STKM12A・SC,STKM12A / SC,STKM12A / SC,154-01-21310-3,
91,図面本体,T.P.Hs=50(参考),T.P.Hs=50 (REF.),,V1311-42151,文字幅を圧縮
92,図面本体,T.P.Hs=52(参考),T.P.Hs=52 (REF.),,V1311-42151,文字幅を圧縮
93,図面本体,T.P.Hs=55(参考),T.P.Hs=55 (REF.),,14X-01-11180,文字幅を圧縮
94,図面本体,T.P.Hs=A50(参考),T.P.Hs=A50 (REF.),,RD461-42182,文字幅を圧縮
95,図面本体,T.P.Hs=A52(参考),T.P.Hs=A52 (REF.),,V1311-42151,文字幅を圧縮
96,図面本体,%%C39(R8の中心),%%C39 (CENTER OF R8),Ø39 (CENTER OF R8),RD158-42181 RD461-42182,
97,図面本体,%%C42.3(R9の中心),%%C42.3 (CENTER OF R9),Ø42.3 (CENTER OF R9),V1311-42151,
98,図面本体・未使用ブロック,%%c66.9+0.5(取付穴径),%%c66.9+0.5 (MOUNTING HOLE DIA.),Ø66.9+0.5 (MOUNTING HOLE DIA.),RD158-42181,
99,図面本体,%%c66.9+0.5(取付穴径),%%c66.9+0.5 (MOUNTING HOLE DIA.),Ø66.9+0.5 (MOUNTING HOLE DIA.),RD461-42182,
100,図面本体,(%%C108以上),(%%C108 MIN.),(Ø108 MIN.),RD158-42181 RD461-42182,
101,図面本体,ストッパークリアランス,STOPPER CLEARANCE,,RD158-42181 RD461-42182,文字を縮小
102,図面本体,繰り返し数 1.2x105 回,NUMBER OF CYCLES 1.2x105,,154-01-21310,
103,図面本体,φ7程度、赤,"APPROX. %%c7, RED","APPROX. Ø7, RED",RD461-42182,
104,図面本体・未使用ブロック,"※ 図面に指示なき寸法公差は、Sanki-STANDARD KSS11-3,4による。",* DIMENSIONAL TOLERANCES NOT SPECIFIED ON THIS DRAWING SHALL CONFORM TO SANKI STANDARD KSS11-3 AND 4.,,14X-01-11180 154-01-21310 154-01-21310-2 154-01-21310-3 203-54-21110 RD158-42181 RD461-42182 V1311-42151,文字幅を圧縮
105,図面本体・未使用ブロック,"※ 図面に指示なき寸法公差は、Sanki-STANDARD KSS11-3A,4Aによる。",* DIMENSIONAL TOLERANCES NOT SPECIFIED ON THIS DRAWING SHALL CONFORM TO SANKI STANDARD KSS11-3A AND 4A.,,V0511-42151-2 V0511-42151-3,文字幅を圧縮
106,図面本体,「RD461」浮出し,"""RD461"" EMBOSSED",,RD461-42182,
107,図面本体,「REM-90B」,"""REM-90B""",,RD158-42181,
108,図面本体,えぐれなきこと,NO GOUGES,,203-54-21110 RD461-42182,
109,図面本体,を浮刻のこと,SHALL BE EMBOSSED.,,V1311-42151,
110,図面本体,クッション,CUSHION,,14X-01-11180 154-01-21310 203-54-21110,
111,図面本体,クッション内筒,CUSHION INNER SLEEVE,,154-01-21310-2,
112,図面本体,クッション外筒,CUSHION OUTER SLEEVE,,154-01-21310-3,
113,図面本体・未使用ブロック・部品・材質,ゴム,RUBBER,,14X-01-11180 154-01-21310 154-01-21310-3 RD158-42181 RD461-42182 V1311-42151 V1411-42162,文字幅を圧縮
114,図面本体,ゴムテストピース硬さ:T.P.Hs=A80±3(ヤマニゴム自給材),RUBBER TEST PIECE HARDNESS: T.P.Hs=A80 ±3 (YAMANI IN-HOUSE COMPOUND),,203-54-21110,
115,図面本体,ゴムバリ仕上げ高さ,RUBBER FLASH FINISH HEIGHT,,203-54-21110 RD461-42182,文字幅を圧縮
116,図面本体,ゴム体積 Rub.Vol.,RUBBER VOLUME,,203-54-21110 RD461-42182 V1311-42151,
117,図面本体,ゴム硬さ変更,RUBBER HARDNESS CHANGED,,V1311-42151,
118,図面本体,ゴム硬さ管理に変更。新図作成。,RUBBER HARDNESS CONTROL; NEW DRAWING.,,203-54-21110,文字幅を圧縮
119,図面本体,ゴム部には付着可とする。但し、内筒内面は除く。,"ADHESION TO RUBBER IS ACCEPTABLE, EXCEPT ON THE INNER SURFACE OF THE INNER SLEEVE.",,RD158-42181,
120,図面本体,ゴム部に塗装可とする。但し、内筒内面の膜厚は不問とする。,PAINT ON RUBBER ACCEPTABLE; FILM THICKNESS ON INNER SURFACE OF INNER SLEEVE NOT SPECIFIED.,,RD461-42182,文字幅を圧縮
121,図面本体,タグ番号,TAG NO.,,154-01-21310 154-01-21310-2,
122,図面本体・未使用ブロック・部品・材質,プレート,PLATE,,154-01-21310-3 RD158-42181 RD461-42182 REM-90-3 V0511-42151-3 V1311-42151 V1411-42162,
123,図面本体・部品・材質,メーカーマーク及び,EMBOSS THE MANUFACTURER MARK,,RD158-42181 RD461-42182 V1311-42151 V1411-42162,No.19+20を英文として自然な語順に再構成
124,図面本体,メーカーマーク及び製造刻印,MANUFACTURER MARK AND DATE STAMP,,203-54-21110,
125,図面本体,ヤマニ自給材,YAMANI IN-HOUSE COMPOUND,,203-54-21110,文字を縮小
126,図面本体,ランク,RANK,,203-54-21110 RD461-42182,
127,図面本体,三海,MIKAI,,203-54-21110 V0511-42151-2 V1311-42151,文字幅を圧縮
128,図面本体,上表参照,SEE TABLE,,V1311-42151,
129,図面本体,予備荷重:10000N テストスピード:3mm/min,PRELOAD: 10000 N TEST SPEED: 3 mm/min,,203-54-21110,
130,図面本体,仕上げ不要,NO FINISHING REQUIRED,,203-54-21110,枠を拡大
131,図面本体,体積 Volume,VOLUME,,V0511-42151-2,
132,図面本体,例)2012年5月:,EXAMPLE: MAY 2012:,,RD158-42181,文字幅を圧縮
133,図面本体,例)2014年8月:,EXAMPLE: AUGUST 2014:,,V1311-42151,文字幅を圧縮
134,図面本体,例)2021年10月:,EXAMPLE: OCTOBER 2021:,,RD461-42182,文字幅を圧縮
135,図面本体,保都,HOTO,,154-01-21310 154-01-21310-2 154-01-21310-3 REM-90-2 REM-90-3 V0511-42151-2 V0511-42151-3,文字幅を圧縮、氏名の読みは推定（要確認）
136,図面本体,元.10.23,'19.10.23,,154-01-21310-3,文字幅を圧縮
137,図面本体,公差変更(%%C95 に),TOLERANCE CHANGED (TO %%C95GAP),TOLERANCE CHANGED (TO Ø95 [SYMBOL] ),154-01-21310-3,文字幅を圧縮
138,図面本体,内山,UCHIYAMA,,203-54-21110,文字を縮小
139,図面本体・部品・材質,内筒,INNER SLEEVE,,14X-01-11180 154-01-21310 RD158-42181 RD461-42182 REM-90-2 V0511-42151-2 V1311-42151 V1411-42162,折り返しあり、文字幅を圧縮
140,図面本体・氏名表記,冨羽,TOMIWA,,RD158-42181 V1311-42151 V1411-42162,文字幅を圧縮
141,図面本体,加藤,KATO,,REM-90-2 REM-90-3 V1311-42151,
142,図面本体,半径方向荷重 P1 650~6500Kg,RADIAL LOAD P1 650~6500 kg,,154-01-21310,
143,図面本体,半径方向荷重(P1),RADIAL LOAD (P1),,14X-01-11180,
144,図面本体,半径方向荷重P1 650~6500kg,RADIAL LOAD P1 650~6500 kg,,14X-01-11180,
145,図面本体,原管寸法 %%C96±0.1 x %%C86±0.1 x 36±0.1,RAW TUBE SIZE %%C96±0.1 x %%C86±0.1 x 36±0.1,RAW TUBE SIZE Ø96±0.1 x Ø86±0.1 x 36±0.1,154-01-21310-3,文字幅を圧縮
146,図面本体,取付け状態(例)(機器の荷重によるたわみは考慮していません),INSTALLED CONDITION (EXAMPLE) (DEFLECTION DUE TO EQUIPMENT LOAD IS NOT CONSIDERED),,RD158-42181 RD461-42182,文字幅を圧縮
147,図面本体,周波数,FREQUENCY,,V1311-42151,
148,図面本体,周波数 1Hz,FREQUENCY 1 Hz,,14X-01-11180 154-01-21310,
149,図面本体・未使用ブロック,和泉,IZUMI,,154-01-21310-3 RD158-42181,
150,図面本体,品番「V1311-42151」,"PART NO. ""V1311-42151""",,V1311-42151,
151,図面本体,品番変更(試作時品番:03071178-2),PART NO. CHANGED (PROTOTYPE P/N: 03071178-2),,REM-90-2,文字幅を圧縮
152,図面本体,品番変更(試作時品番:03071178-3),PART NO. CHANGED (PROTOTYPE P/N: 03071178-3),,REM-90-3,文字幅を圧縮
153,図面本体,品番変更及び図面調整,PART NO. CHANGED AND DRAWING ADJUSTED,,V0511-42151-2 V0511-42151-3,文字幅を圧縮
154,図面本体,図面CAD化、材質訂正,DRAWING CONVERTED TO CAD; MATERIAL CORRECTED,,14X-01-11180 154-01-21310 154-01-21310-3,文字幅を圧縮
155,図面本体,圧縮ばね定数Kc=5000N/mm±20%(参考)測定区間:100~4000N間,COMPRESSION SPRING RATE Kc=5000 N/mm ±20% (REF.) MEASURING RANGE: 100 TO 4000 N,,203-54-21110,
156,図面本体,堀井,HORII,,203-54-21110,文字幅を圧縮
157,図面本体,外周部のバリは\P0.5mm以内のこと,FLASH ON OUTER PERIPHERY\P0.5 mm MAX.,,203-54-21110,
158,図面本体,外筒,OUTER SLEEVE,,14X-01-11180 154-01-21310,文字幅を圧縮
159,図面本体,多々納,TATANO,,14X-01-11180 154-01-21310 154-01-21310-3 RD461-42182 V0511-42151-2 V1311-42151,文字幅を圧縮、氏名の読みは推定（要確認）
160,図面本体,寸法修正,DIMENSION CORRECTED,,RD158-42181,
161,図面本体,寸法変更,DIMENSION CHANGED,,154-01-21310-3,
162,図面本体,少量時 SS400,SMALL LOTS: SS400,,V0511-42151-2,文字幅を圧縮
163,図面本体・未使用ブロック,岡本,OKAMOTO,,154-01-21310-3 203-54-21110 RD158-42181 V0511-42151-2 V0511-42151-3,文字を縮小
164,図面本体,平面部 %%C118以上,FLAT PART %%C118 MIN.,FLAT PART Ø118 MIN.,154-01-21310-3,
165,図面本体・氏名表記,影山,KAGEYAMA,,203-54-21110 RD158-42181 RD461-42182 REM-90-2 REM-90-3 V0511-42151-2 V0511-42151-3 V1311-42151 V1411-42162,文字を縮小
166,図面本体,文字の後にマーキング,MARKING AFTER THE CHARACTERS,,RD461-42182,文字幅を圧縮
167,図面本体,断面 A-A,SECTION A-A,,203-54-21110,
168,図面本体,方向,DIR.,,V1311-42151,
169,図面本体,有松,ARIMATSU,,154-01-21310 154-01-21310-2 154-01-21310-3,文字幅を圧縮
170,図面本体,本品は、03071257-3とA部形状が異なる。,THIS PART DIFFERS FROM 03071257-3 IN THE SHAPE OF DETAIL A.,,V0511-42151-3,
171,図面本体,材質 STKM11A E-C シームレス酸洗 (光輝焼鈍),"MATERIAL STKM11A E-C SEAMLESS, PICKLED (BRIGHT ANNEALED)",,154-01-21310-3,文字を縮小
172,図面本体,株式会社小松製作所 御中,KOMATSU LTD.,,14X-01-11180 154-01-21310,
173,図面本体,標準品 REM-90B と同一品。,IDENTICAL TO STANDARD PART REM-90B.,,RD158-42181,
174,図面本体・氏名表記,横部,YOKOBE,,14X-01-11180 154-01-21310 154-01-21310-3 RD461-42182 V0511-42151-2 V1311-42151 V1411-42162,文字幅を圧縮
175,図面本体,注入孔高さ,INJECTION HOLE HEIGHT,,203-54-21110 RD461-42182,文字幅を圧縮
176,図面本体,注記;化成処理をする為、有害なスケールのないこと。,NOTE: NO HARMFUL SCALE (FOR CHEMICAL CONVERSION COATING).,,154-01-21310-3,文字幅を圧縮
177,図面本体,注記変更(内径面取り指示削除),NOTE CHANGED (BORE CHAMFER CALLOUT DELETED),,203-54-21110,文字幅を圧縮
178,図面本体,注記追加,NOTE ADDED,,154-01-21310-3,
179,図面本体,浮出し高さは0.2以内,EMBOSSING HEIGHT 0.2 MAX.,,203-54-21110,
180,図面本体,測定要領,MEASUREMENT METHOD,,14X-01-11180,
181,図面本体,端部に有害なバリ、カエリ無き事,NO HARMFUL FLASH OR BURRS AT ENDS,,REM-90-3 V0511-42151-3,
182,図面本体,端面はかえりなきこと,NO BURRS ON END FACES,,154-01-21310-2,
183,図面本体,端面はかえりなきこと。,NO BURRS ON END FACES.,,154-01-21310-3,文字幅を圧縮
184,図面本体,糸面取りのこと,BREAK EDGES,,REM-90-2,
185,図面本体,糸面取りのこと(両端),BREAK EDGES (BOTH ENDS),,V0511-42151-2,
186,図面本体・未使用ブロック,納入仕様書,DELIVERY SPECIFICATION,,14X-01-11180 154-01-21310 154-01-21310-3,文字幅を圧縮、枠を拡大
187,図面本体,組付け要領(尺度:Free),ASSEMBLY METHOD (SCALE: FREE),,203-54-21110,
188,図面本体,繰り返し数 1.2x10 回,NUMBER OF CYCLES 1.2x10,,14X-01-11180,
189,図面本体,耐久回数,NUMBER OF CYCLES,,V1311-42151,文字幅を圧縮
190,図面本体・部品・材質,耐熱NR,HEAT-RES. NR,,V1311-42151 V1411-42162,文字幅を圧縮、部品表の材質欄（幅21mm）に収めるため略記
191,図面本体・表面処理,膜厚15µm以上/ゴム部に付着可とする。内筒内面は除く,"FILM THICKNESS: 15 µm MIN. / ADHESION TO RUBBER IS ACCEPTABLE, EXCEPT INNER SURFACE OF INNER SLEEVE.","FILM THICKNESS: 15 µm MIN. / ADHESION TO RUBBER IS ACCEPTABLE, EXCEPT INNER SURFACE OF INNER SLEEVE.",V1311-42151 V1411-42162,um→µm、2行に分割
192,図面本体,荷重条件,LOAD CONDITIONS,,V1311-42151,文字幅を圧縮
193,図面本体,蓮井,HASUI,,203-54-21110 RD158-42181,
194,図面本体,藤原,FUJIWARA,,154-01-21310-3,文字を縮小
195,図面本体,藤田,FUJITA,,14X-01-11180 154-01-21310 154-01-21310-2 154-01-21310-3,
196,図面本体,製品表面硬さ:Hs=A85±5(参考),PRODUCT SURFACE HARDNESS: Hs=A85 ±5 (REF.),,203-54-21110,
197,図面本体・部品・材質,製造年月を浮刻のこと,AND DATE OF MANUFACTURE.,,RD158-42181 RD461-42182 V1311-42151 V1411-42162,No.19+20を英文として自然な語順に再構成
198,図面本体,試験後有害な損傷なきこと。,NO HARMFUL DAMAGE AFTER THE TEST.,,RD158-42181 RD461-42182,
199,図面本体,誤記訂正,ERRATA CORRECTED,,V0511-42151-2,
200,図面本体・未使用ブロック,識別表示,IDENTIFICATION,,154-01-21310-3 RD461-42182,
201,図面本体,識別表示(浮刻),IDENTIFICATION (EMBOSSED),,RD158-42181 V1311-42151,文字幅を圧縮
202,図面本体,質量 Mass,MASS,,203-54-21110 RD461-42182 V0511-42151-2 V1311-42151,
203,図面本体,質量・体積、品質ランク等追記,"MASS, VOLUME, QUALITY RANK ETC. ADDED",,203-54-21110,文字幅を圧縮
204,図面本体,質量・体積追記,MASS AND VOLUME ADDED,,V0511-42151-2,
205,図面本体,軸方向荷重 P2 0~5100Kg,AXIAL LOAD P2 0~5100 kg,,154-01-21310,
206,図面本体,軸方向荷重(P2),AXIAL LOAD (P2),,14X-01-11180,
207,図面本体,軸方向荷重P1 0~5100kg,AXIAL LOAD P1 0~5100 kg,,14X-01-11180,
208,図面本体,金具下処理:No.21,METAL PRETREATMENT: No. 21,,V1311-42151,
209,図面本体,金具下処理:化成処理(リン酸亜鉛皮膜),METAL PRETREATMENT: CHEMICAL CONVERSION COATING (ZINC PHOSPHATE),,RD158-42181 RD461-42182,
210,図面本体,金具図面,METAL PART DRAWING,,154-01-21310-2 154-01-21310-3 REM-90-2 REM-90-3 V0511-42151-2 V0511-42151-3,文字幅を圧縮、枠を拡大
211,図面本体,金具部処理:黒色塗装(アクリル系水性エマルション塗料/アスカKK)膜厚15µm以上,"METAL PART TREATMENT: BLACK COATING (ACRYLIC WATER-BASED EMULSION PAINT / ASUKA KK), FILM THICKNESS 15 µm MIN.","METAL PART TREATMENT: BLACK COATING (ACRYLIC WATER-BASED EMULSION PAINT / ASUKA KK), FILM THICKNESS 15 µm MIN.",RD158-42181 RD461-42182,
212,図面本体・表面処理,金具部表面処理:黒色塗装(アクリル系水性エマルション塗料/アスカKK),METAL PART SURFACE TREATMENT: BLACK COATING (ACRYLIC WATER-BASED EMULSION PAINT / ASUKA KK),METAL PART SURFACE TREATMENT: BLACK COATING (ACRYLIC WATER-BASED EMULSION PAINT / ASUKA KK),V1311-42151 V1411-42162,
213,図面本体,金田,KANEDA,,154-01-21310-3,文字幅を圧縮
214,図面本体・未使用ブロック,雰囲気温度,AMBIENT TEMPERATURE,,154-01-21310-3 V1311-42151,折り返しあり、文字幅を圧縮
215,図面本体,高さ:0.5mm以下,HEIGHT: 0.5 mm MAX.,,203-54-21110 RD461-42182,文字幅を圧縮
216,図面本体,高さ:1.0mm以下,HEIGHT: 1.0 mm MAX.,,203-54-21110 RD461-42182,文字幅を圧縮
217,図面本体,高さ:2.0mm以下,HEIGHT: 2.0 mm MAX.,,203-54-21110 RD461-42182,文字幅を圧縮
218,図面本体,高月,TAKATSUKI,,14X-01-11180 154-01-21310-3,文字を縮小
219,寸法,%%C42.3(R9の中心),%%C42.3 (CENTER OF R9),Ø42.3 (CENTER OF R9),V1311-42151,
220,寸法,%%C<>(R8の中心),%%C<> (CENTER OF R8),Ø<> (CENTER OF R8),RD158-42181 RD461-42182,
221,寸法,%%c<>(取付穴径),%%c<> (MOUNTING HOLE DIA.),Ø<> (MOUNTING HOLE DIA.),RD158-42181 RD461-42182,
222,寸法,(%%C<>以上),(%%C<> MIN.),(Ø<> MIN.),RD158-42181 RD461-42182,
223,寸法,<> 取付時 11.5,<> INSTALLED 11.5,,154-01-21310,
224,寸法,ストッパークリアランス,STOPPER CLEARANCE,,RD158-42181 RD461-42182,
225,寸法,平面部 %%C<>以上,FLAT PART %%C<> MIN.,FLAT PART Ø<> MIN.,154-01-21310-3,
226,未使用ブロック,(有色クロメート),(YELLOW CHROMATE),,154-01-21310-3,文字幅を圧縮
227,未使用ブロック,1)軸方向荷重(P方向),1) AXIAL LOAD (P DIRECTION),,154-01-21310-3,
228,未使用ブロック,1.ばね定数(測定要領は下図1による),1. SPRING RATE (MEASURE AS SHOWN IN FIG. 1 BELOW),,154-01-21310-3,
229,未使用ブロック,1.本品は「標準品KA-50」に対して、ゴム材質が異なります。,1. THIS PART DIFFERS FROM STANDARD PART KA-50 IN RUBBER MATERIAL.,,154-01-21310-3,
230,未使用ブロック,2)軸直角方向荷重(Q方向),2) RADIAL LOAD (Q DIRECTION),,154-01-21310-3,
231,未使用ブロック,2.六角ナット、スプリングワッシャー各2個付きとします。,2. SUPPLIED WITH 2 HEX NUTS AND 2 SPRING WASHERS.,,154-01-21310-3,
232,未使用ブロック,2.耐久性,2. DURABILITY,,154-01-21310-3,
233,未使用ブロック,3.使用条件,3. OPERATING CONDITIONS,,154-01-21310-3,
234,未使用ブロック,3.特性値,3. CHARACTERISTIC VALUES,,154-01-21310-3,
235,未使用ブロック,4.内筒(2)は化成処理をする。,4. INNER SLEEVE (2) SHALL BE CHEMICAL CONVERSION COATED.,,154-01-21310-3,
236,未使用ブロック,5.ゴム(1)と内筒(2)は加硫接着。,5. RUBBER (1) AND INNER SLEEVE (2) ARE VULCANIZATION BONDED.,,154-01-21310-3,
237,未使用ブロック,6x10 回,6x10 CYCLES,,154-01-21310-3,文字幅を圧縮
238,未使用ブロック,<X方向ばね定数> : 104 N/mm (設計値),<X-DIR. SPRING RATE> : 104 N/mm (DESIGN VALUE),,154-01-21310-3,
239,未使用ブロック,<Z方向ばね定数> : 610 N/mm (設計値),<Z-DIR. SPRING RATE> : 610 N/mm (DESIGN VALUE),,154-01-21310-3,
240,未使用ブロック,<Z方向支持荷重> : ~1230 N,<Z-DIR. SUPPORT LOAD> : UP TO 1230 N,,154-01-21310-3,
241,未使用ブロック,<Z方向許容荷重> : 2500 N,<Z-DIR. ALLOWABLE LOAD> : 2500 N,,154-01-21310-3,
242,未使用ブロック,<製品質量> : 200 g,<PRODUCT MASS> : 200 g,,154-01-21310-3,
243,未使用ブロック,(%%c108以上),(%%c108 MIN.),(Ø108 MIN.),RD158-42181,
244,未使用ブロック,「01」,"""01""",,154-01-21310-3,
245,未使用ブロック,「CR」,"""CR""",,154-01-21310-3,
246,未使用ブロック,ウェルディングボルト,WELDING BOLT,,154-01-21310-3,
247,未使用ブロック・表題欄・表題欄・改訂欄,三,THIRD,,14X-01-11180 154-01-21310 154-01-21310-2 154-01-21310-3 203-54-21110 RD158-42181 RD461-42182 REM-90-2 REM-90-3 V0511-42151-2 V0511-42151-3 V1311-42151 V1411-42162,「三角法」の1文字目（THIRD / ANGLE / PROJ.）、文字幅を圧縮
248,未使用ブロック,上記条件にて耐久テスト後、異常なきこと。,NO ABNORMALITY AFTER DURABILITY TEST UNDER THE ABOVE CONDITIONS.,,154-01-21310-3,
249,未使用ブロック,丸形防振ゴム,ROUND ANTI-VIBRATION RUBBER,,154-01-21310-3,文字を縮小
250,未使用ブロック・表題欄,作 成,DRAWN,,14X-01-11180 154-01-21310 154-01-21310-2 154-01-21310-3 203-54-21110 RD158-42181 RD461-42182 REM-90-2 REM-90-3 V0511-42151-2 V0511-42151-3 V1311-42151,
251,未使用ブロック・表題欄・表題欄・改訂欄,作成年月日,DATE CREATED,,14X-01-11180 154-01-21310 154-01-21310-2 154-01-21310-3 203-54-21110 RD158-42181 RD461-42182 REM-90-2 REM-90-3 V0511-42151-2 V0511-42151-3 V1311-42151 V1411-42162,文字幅を圧縮
252,未使用ブロック・表題欄,備 考,REMARKS,,14X-01-11180 154-01-21310 154-01-21310-2 154-01-21310-3 203-54-21110 RD158-42181 RD461-42182 REM-90-2 REM-90-3 V0511-42151-2 V0511-42151-3 V1311-42151,
253,未使用ブロック・表題欄,名 称,DESCRIPTION,,14X-01-11180 154-01-21310 154-01-21310-2 154-01-21310-3 203-54-21110 RD158-42181 RD461-42182 REM-90-2 REM-90-3 V0511-42151-2 V0511-42151-3 V1311-42151,
254,未使用ブロック,周期,FREQUENCY,,154-01-21310-3,
255,未使用ブロック・表題欄・表題欄・改訂欄,尺度,SCALE,,14X-01-11180 154-01-21310 154-01-21310-2 154-01-21310-3 203-54-21110 RD158-42181 RD461-42182 REM-90-2 REM-90-3 V0511-42151-2 V0511-42151-3 V1311-42151 V1411-42162,文字幅を圧縮
256,未使用ブロック・表題欄・表題欄・改訂欄,年,YEAR,,14X-01-11180 154-01-21310 154-01-21310-2 154-01-21310-3 203-54-21110 RD158-42181 RD461-42182 REM-90-2 REM-90-3 V0511-42151-2 V0511-42151-3 V1311-42151 V1411-42162,文字幅を圧縮
257,未使用ブロック・表題欄,承 認,APPROVED,,14X-01-11180 154-01-21310 154-01-21310-2 154-01-21310-3 203-54-21110 RD158-42181 RD461-42182 REM-90-2 REM-90-3 V0511-42151-2 V0511-42151-3 V1311-42151,文字幅を圧縮
258,未使用ブロック・表題欄・表題欄・改訂欄,承認,APPD,APPROVED（改訂欄は APPD）,14X-01-11180 154-01-21310 154-01-21310-2 154-01-21310-3 203-54-21110 RD158-42181 RD461-42182 REM-90-2 REM-90-3 V0511-42151-2 V0511-42151-3 V1311-42151 V1411-42162,改訂欄の幅9mm欄のみ略記、文字幅を圧縮
259,未使用ブロック,接着強度は2.9N/mm 以上,BOND STRENGTH: 2.9 N/mm MIN.,,154-01-21310-3,折り返しあり
260,未使用ブロック・表題欄・表題欄・改訂欄,数,QTY,,14X-01-11180 154-01-21310 154-01-21310-2 154-01-21310-3 203-54-21110 RD158-42181 RD461-42182 REM-90-2 REM-90-3 V0511-42151-2 V0511-42151-3 V1311-42151 V1411-42162,
261,未使用ブロック・表題欄・表題欄・改訂欄,日,DAY,,14X-01-11180 154-01-21310 154-01-21310-2 154-01-21310-3 203-54-21110 RD158-42181 RD461-42182 REM-90-2 REM-90-3 V0511-42151-2 V0511-42151-3 V1311-42151 V1411-42162,文字を縮小
262,未使用ブロック・表題欄・表題欄・改訂欄,日付,DATE,,14X-01-11180 154-01-21310 154-01-21310-2 154-01-21310-3 203-54-21110 RD158-42181 RD461-42182 REM-90-2 REM-90-3 V0511-42151-2 V0511-42151-3 V1311-42151 V1411-42162,
263,未使用ブロック・表題欄・表題欄・改訂欄,月,MONTH,,14X-01-11180 154-01-21310 154-01-21310-2 154-01-21310-3 203-54-21110 RD158-42181 RD461-42182 REM-90-2 REM-90-3 V0511-42151-2 V0511-42151-3 V1311-42151 V1411-42162,文字を縮小
264,未使用ブロック・表題欄,材 質,MATERIAL,,14X-01-11180 154-01-21310 154-01-21310-2 154-01-21310-3 203-54-21110 RD158-42181 RD461-42182 REM-90-2 REM-90-3 V0511-42151-2 V0511-42151-3 V1311-42151,
265,未使用ブロック・表題欄,来 歴・変 更 事 項,REVISION HISTORY / CHANGES,REVISION HISTORY / CHANGES,14X-01-11180 154-01-21310 154-01-21310-2 154-01-21310-3 203-54-21110 RD158-42181 RD461-42182 REM-90-2 REM-90-3 V0511-42151-2 V0511-42151-3 V1311-42151,
266,未使用ブロック,株式会社KCM 殿,KCM CORPORATION,,154-01-21310-3,
267,未使用ブロック・表題欄,検 図,CHECKED,,14X-01-11180 154-01-21310 154-01-21310-2 154-01-21310-3 203-54-21110 RD158-42181 RD461-42182 REM-90-2 REM-90-3 V0511-42151-2 V0511-42151-3 V1311-42151,文字幅を圧縮
268,未使用ブロック・表題欄・表題欄・改訂欄,法,PROJ.,,14X-01-11180 154-01-21310 154-01-21310-2 154-01-21310-3 203-54-21110 RD158-42181 RD461-42182 REM-90-2 REM-90-3 V0511-42151-2 V0511-42151-3 V1311-42151 V1411-42162,「三角法」＝第三角法のため PROJECTION の略とした、文字幅を圧縮
269,未使用ブロック・表題欄・表題欄・改訂欄,産業機器事業部,INDUSTRIAL MACHINERY DIVISION,,14X-01-11180 154-01-21310 154-01-21310-2 154-01-21310-3 203-54-21110 RD158-42181 RD461-42182 REM-90-2 REM-90-3 V0511-42151-2 V0511-42151-3 V1311-42151 V1411-42162,
270,未使用ブロック・表題欄・表題欄・改訂欄,番号,NO.,,14X-01-11180 154-01-21310 154-01-21310-2 154-01-21310-3 203-54-21110 RD158-42181 RD461-42182 REM-90-2 REM-90-3 V0511-42151-2 V0511-42151-3 V1311-42151 V1411-42162,部品表の幅10mm欄のため NO.
271,未使用ブロック・表題欄・表題欄・改訂欄,符号,CODE,,14X-01-11180 154-01-21310 154-01-21310-2 154-01-21310-3 203-54-21110 RD158-42181 RD461-42182 REM-90-2 REM-90-3 V0511-42151-2 V0511-42151-3 V1311-42151 V1411-42162,改訂欄（幅7mm）、文字幅を圧縮
272,未使用ブロック,繰り返し数,NUMBER OF CYCLES,,154-01-21310-3,
273,未使用ブロック,耐熱CR,HEAT-RES. CR,,154-01-21310-3,文字幅を圧縮
274,未使用ブロック,草下,KUSASHITA,,154-01-21310-3,文字幅を圧縮、氏名の読みは推定（要確認）
275,未使用ブロック・表題欄・表題欄・改訂欄,角,ANGLE,,14X-01-11180 154-01-21310 154-01-21310-2 154-01-21310-3 203-54-21110 RD158-42181 RD461-42182 REM-90-2 REM-90-3 V0511-42151-2 V0511-42151-3 V1311-42151 V1411-42162,「三／角／法」→ THIRD / ANGLE / PROJ.（第三角法）、文字幅を圧縮
276,未使用ブロック・表題欄・表題欄・改訂欄,訂正,REV.,,14X-01-11180 154-01-21310 154-01-21310-2 154-01-21310-3 203-54-21110 RD158-42181 RD461-42182 REM-90-2 REM-90-3 V0511-42151-2 V0511-42151-3 V1311-42151 V1411-42162,改訂欄の幅9mm欄のため略記
277,未使用ブロック,軸方向ばね定数(P方向) K =18630N/mm±20%,AXIAL SPRING RATE (P DIRECTION) K = 18630 N/mm ±20%,,154-01-21310-3,文字幅を圧縮
278,未使用ブロック,軸直角方向ばね定数(Q方向) K =25500N/mm(参考値),RADIAL SPRING RATE (Q DIRECTION) K = 25500 N/mm (REF.),,154-01-21310-3,文字幅を圧縮
279,未使用ブロック,金具,METAL PARTS,,154-01-21310-3,
280,未使用ブロック,雨水、日射あり,EXPOSED TO RAIN AND SUNLIGHT,,154-01-21310-3,
281,未使用ブロック,電気亜鉛めっき,ZINC ELECTROPLATING,,154-01-21310-3,文字幅を圧縮
282,未使用ブロック,電気亜鉛めっき(有色クロメート),ZINC ELECTROPLATING (YELLOW CHROMATE),,154-01-21310-3,
283,氏名表記,片山,KATAYAMA,,V1411-42162,
284,表面処理,2．表面処理,2. SURFACE TREATMENT,,V1411-42162,
285,表面処理,金具下処理：No.2 or 21,METAL PRETREATMENT: No. 2 OR 21,,V1411-42162,
286,表題欄・改訂欄,作成,DRAWN,,V1411-42162,
287,表題欄・改訂欄,備考,REMARKS,,V1411-42162,
288,表題欄・改訂欄,名,NAME,,V1411-42162,表題欄の縦書き「名／称」をまとめて NAME（90°回転）
289,表題欄・改訂欄,名称,DESCRIPTION,DESCRIPTION（表題欄の縦書き「名称」は NAME）,V1411-42162,表題欄の縦書き欄は90°回転文字
290,表題欄・改訂欄,品,PART,PART NO.,V1411-42162,同上
291,表題欄・改訂欄・部品・材質,材質,MATERIAL,,V1411-42162,
292,表題欄・改訂欄,来歴・変更事項,REVISION HISTORY / CHANGES,,V1411-42162,
293,表題欄・改訂欄,検図,CHECKED,,V1411-42162,
294,表題欄・改訂欄,産機事務所 2F 西,INDUSTRIAL MACHINERY OFFICE 2F WEST,（図面内に該当文字なし）,V1411-42162,本DXFでは未使用
295,表題欄・改訂欄,番,NO.,PART NO.,V1411-42162,表題欄の縦書き「品／番」をまとめて PART NO.（90°回転）
296,表題欄・改訂欄,白黒印刷用,FOR MONOCHROME PRINTING,（図面内に該当文字なし）,V1411-42162,本DXFでは未使用
297,表題欄・改訂欄,称,NAME,,V1411-42162,「名／称」縦書き
298,製品差異・製造要求,2．本品はV1411-42151、V1411-4219Aに対して、ゴム硬度が異なる。,2. THIS PART DIFFERS FROM V1411-42151 AND V1411-4219A IN RUBBER HARDNESS.,,V1411-42162,
299,製品差異・製造要求,3．本品はV1411-42161に対して、識別マーキングが異なる。,3. THIS PART DIFFERS FROM V1411-42161 IN IDENTIFICATION MARKING.,,V1411-42162,
300,製品差異・製造要求,4．A面（全面）は締結面（取付図参照）の為、ゴムバリなきこと。,4. SURFACE A (ENTIRE SURFACE) IS A FASTENING SURFACE (SEE INSTALLATION DRAWING); NO RUBBER FLASH IS PERMITTED.,,V1411-42162,2行に分割
301,製品差異・製造要求,A面（全面）にマーキングの液ダレあるも可。,MARKING RUNS ON SURFACE A (ENTIRE SURFACE) ARE ACCEPTABLE.,,V1411-42162,
302,製品差異・製造要求,図面に指示なき寸法公差は、Sanki-STANDARD KSS11-3，4による。,DIMENSIONAL TOLERANCES NOT SPECIFIED ON THIS DRAWING SHALL CONFORM TO SANKI STANDARD KSS11-3 AND 4.,,V1411-42162,
303,識別表示・マーキング,４２１６１（取消線）,42161,,V1411-42162,旧浮刻番号（取消線付き）
304,識別表示・マーキング,ゴム硬度変更,RUBBER HARDNESS CHANGED,,V1411-42162,
305,識別表示・マーキング,マーキング：全周のこと,MARKING: AROUND THE ENTIRE CIRCUMFERENCE,,V1411-42162,2行に折り返し
306,識別表示・マーキング,位置：浮刻上（はみ出しも可）,POSITION: OVER THE EMBOSSING (OVERHANG IS ACCEPTABLE),,V1411-42162,2行に折り返し
307,識別表示・マーキング,浮刻：V1411-42162,EMBOSSING: V1411-42162,,V1411-42162,
308,識別表示・マーキング,浮刻変更,EMBOSSING CHANGED,,V1411-42162,
309,識別表示・マーキング,線の歪み、ムラ・カスレ、液ダレあるも可,"LINE DISTORTION, UNEVENNESS, FADING, AND RUNS ARE ACCEPTABLE.",,V1411-42162,3行に折り返し
310,識別表示・マーキング,色：青、太さ：任意,COLOR: BLUE; LINE WIDTH: OPTIONAL,,V1411-42162,
311,識別表示・マーキング,識別表示（浮刻＋マーキング）,IDENTIFICATION (EMBOSSING + MARKING),,V1411-42162,
312,部品・材質,ゴム部体積：230cm,RUBBER VOLUME: 230 cm,RUBBER VOLUME: 230 cm³,V1411-42162,3は上付き
313,部品・材質,例）2016年2月：,EXAMPLE: FEBRUARY 2016:,,V1411-42162,
